pid,assignment_id,worker_id
0,3HYA4D452SQE7LCMS65KIPKSHLM2FU,A107AUZRFUUR0V
1,35DR22AR5ERKSPZQW0PB76PRS9O3XE,A10JXOU89D5RXR
2,3OE22WJIGJVKIMBXP6QK07JY8I1QUQ,A10K340IGBSJX1
3,3ATPCQ38J9H9CFOLABQNDSA6ZJEAYE,A10PUM2S12CAW
4,3H7XDTSHKDY6X16OHA09OH0TM6OWGA,A110ICG2VQUGXS
5,3137ONMDKHCCG1KXWA632BTTG7MEGQ,A11EL5LWS2L1HX
6,3VA45EW49OU1OD7J85OW00J1HF71O4,A11LL3J3YSXB4U
7,37WLF8U1WQXD58N1GJ8KOFT95MA6KM,A12HWPFXQPITHD
8,37WLF8U1WQXD58N1GJ8KOFT95LEK62,A12QJ0TTH77O6P
9,3L2IS5HSFBPZFPY59EY3WDOT23NUN7,A13LSYZUMFHXUX
10,3Z7ISHFUH12VYH5B9Z8SV8DDFQ78ZQ,A13O647FD24R4V
11,3N1FSUEFL67RCFDD5ETIN4E5PLA4DN,A13OHDWN9XSCIG
12,3F0BG9B9MQURTDQN38E3318GYCU7Y8,A13U5OK3GJ10KC
13,3T111IHZ5FXMAV2U4AKT916PRJIR9Q,A14WLAP6TCEKO0
14,3SKEMFQBZ4C09M6P9Y5I8TP0BG6K8Q,A15ED7YTWROCDJ
15,3KYQYYSHYWEVG8NVOY8R12KA6CADO6,A15K0L6NGQXOM0
16,3S96KQ6I9NBBT0S3KFUQVCQX5KQTD7,A15SUPIZ05ZFCD
17,378XPAWRUDKNMF9G6T4KR4GI90LAID,A15WCNO32MHBAF
18,3ATPCQ38J9H9CFOLABQNDSA6ZJNAYN,A15X0MSBZ74TFT
19,3S4AW7T80CPAAR15IVR66HMAYUH4L8,A15XIKX3PI7SLK
20,3QUO65DNQVVHXAYHATYGB2OYTHFOUC,A17FDM5CXENC1O
21,3V26SBZTBELAID6YIP858SAHEYMZZS,A17OSPGV41FZ7P
22,32EYX73OY1GKUNQX2LFK5XT344XURP,A17TKHT8FEVH0R
23,3ZPPDN2SLW3X1RXPI40TAU76CURE9Z,A17WS5TP6OPH7R
24,3WQQ9FUS6B1ZGJ2V3LSP9Q6AOM78B4,A187TVQ98O0FN2
25,3NPI0JQDAPCKIXVTPOLLV67MK8YPTX,A18QU0YQB6Q8DF
26,3300DTYQT3O3TQEBZ6BFWPXVLPTQEK,A19QK6E0OXZ5R6
27,3I02618YA1DZIAAIPTBV02TO2H1UPE,A1AF25FCVKC87X
28,3KXIR214I5N495FX8P91RLN1SUL42E,A1AMGHYG5PT0L2
29,3G5W44VEU8PF21C7SWH6066YZZJGK2,A1AYWUSULABAXL
30,3MH9DQ757XJT5XHJMAL86TFW1QDUG9,A1AZV2XOQK7RSW
31,3NG53N1RLWQ1KD35MQAQ4ABZ5QF8PI,A1BDJJ3Z71CDKL
32,3ZOTGHDK5JI1IX6DLO3GW16A7FJOSA,A1BIENE9M8DX6H
33,3F0BG9B9MQURTDQN38E3318GYB9Y7C,A1BOOCWOWB9LBJ
34,3L0KT67Y8FNDCBAFRBCEYS4CMULSY3,A1DBVSPGQDWD9K
35,38BQUHLA9X7YK2T81R7UKS74GV9MOF,A1DDBGQDMZZ1VW
36,3OONKJ5DKDQ21BPBA2HL6CWA3SSBOT,A1DEFJFW0PWW8B
37,31JLPPHS2V1XYGLYV92FOTYYG52O3D,A1E77HZO63E334
38,3W2LOLRXLCM6RRLL87BIZAK518RKRZ,A1E8PIR82KIJEP
39,3WI0P0II62ZYDLFBGQPVVXPFHZXRDW,A1ETEW9WH37WDS
40,3GD6L00D3T4DOAM7VP9J8WUWMFRM19,A1FYMTQ3YSEOQ9
41,34YB12FSQZVASPCAD8UMFJY2O4BGM4,A1G34TESSXG1R8
42,3XXU1SWE8N2CFKS023FEL0GMN7NA03,A1GWH4HQXHG02L
43,3HMVI3QICKZDIRBLESXU2RH3VP71YG,A1GWYE8PRWT13G
44,3B837J3LDP34FAYTDGKKQWBFI24SRO,A1H2DOSN5SFN7A
45,3JMSRU9HQJ1VYYASL55P2CW32HBVEM,A1H5Q9HRH4RPZU
46,3GU1KF0O4J8KMB1CP2U0VC10DW1PBZ,A1HCAU0WHWDO7A
47,3X4MXAO0BHVXMRF2XLULNLE0OFZWR6,A1ILOQZ922TXTW
48,3WMINLGALCAW9CNGEJ8YG1INWV2CAE,A1JKSAQ8UNCE7B
49,3CFJTT4SXUX53DBIZQS0HDES8SL7IP,A1JQZYK194B1HZ
50,3GNA64GUZFB3X7LIO5ICSVRI91AQ5A,A1KAIOBTXQ77A6
51,3BC8WZX3V43SEVYGYRKF0M6JW0RRR5,A1KCC93NOV6TH2
52,3K3R2QNK8CAEQNUB84FYECT9XDQ9U5,A1KHRQ121JTDF6
53,3I2PTA7R3U16FQ6LVSMIUKA06RRQKH,A1L3937MY09J3I
54,3H7XDTSHKDY6X16OHA09OH0TM6OWGA,A1LHSOH23WKNJI
55,3EJJQNKU9SCFP1KD2M8LMI4DAWWRHM,A1LSGYXKP6O1B8
56,384PI804XT8GFGEUJ31560AS9CB0S4,A1LTOL7M4TTLSN
57,3P59JYT76MROQQUNNQA9ZTZT8T92TF,A1MIB492BU9KIQ
58,3YMTUJH0DTNYT49AR4TXS8WRTC0T48,A1MQ9B05ZMM4YI
59,3WLEIWSYHPOYLH3SNWTKLAW5XZAH2G,A1N3I0V32IPHC9
60,3GDTJDAPVVIVZA6SUAIYN6H40LZ8MH,A1N53V41FMCR7Q
61,3LPW2N6LKU9VP0SZ5E2H2WO7CKXU5W,A1N7O7E8HC03D8
62,3TU5ZICBRE8MKP4KM3PF4F19AMZQ8P,A1NAWLZ2HOJZPB
63,3V0Z7YWSIZ733IYCSLAO0BNE5EKV2J,A1NGG9MJ39HX5L
64,386CSBG1O0TZGBLWTOSHK15I5W86QT,A1NR3COO33J99C
65,3IXEICO793QC8RDOASMCP6G5OY4T6G,A1NT8BT94ME6F5
66,3V0Z7YWSIZ733IYCSLAO0BNE5F9V2A,A1OPXJUSHW6DSN
67,3VBEN272ML6DQKPFX5Q8RSX8HY5GS3,A1P3J34DH57JNB
68,3Z4GS9HPNWH8ETUMGZO3QOOJVHG77B,A1P8M5BKOTAA8I
69,37W3JXSD67F6JSROBGMFVH7XR2FWY9,A1P9376YFWN4MF
70,379J5II41PNS2TYY713JF3Y1CO8ELW,A1PMZUBGXFANCI
71,3300DTYQT3O3TQEBZ6BFWPXVLP3EQI,A1PZG6C6W9J2JB
72,3SITXWYCNWGPVK33BT4HPPN3FV2XBN,A1Q93PSB62TXO9
73,3MYYFCXHJ4EUOZN474UQTPH22DY4G5,A1QBWI26CXCCSS
74,3F6KKYWMNC8DYNNJNJ8EMDK5G28DNU,A1QEQ64E22TNUZ
75,3K9FOBBF2IQWWZBB00625QSAPB7LNF,A1QO37IHT7ZQBT
76,3R0T90IZ1TJXJ30J0J08CNTQUQ8GCN,A1QRXIMSBSK6YR
77,3URFVVM166PTWECOC29XR0V2DLFUZH,A1QYGPU1NDUMWW
78,3AMYWKA6YCTWVZ8GEB0DVWAIPQO6O8,A1RAMKQ7DTZSY9
79,3RWE2M8QWIHJZ3MPB7KJ760MMDYN0A,A1RRQJZ9KXPBQZ
80,3CFVK00FWMSOPE5J1JKL3F6OULIL65,A1RUWT5GO2WKEC
81,3U0SRXB7CEC7ZX6O5K3YR219V3VRNA,A1S93WZMG3DW9Y
82,3UXUOQ9OKF4QXVSKN20N0FQ9VKK7AP,A1SBABWNNZNJH1
83,3Q5ZZ9ZEVPMXR3LM2B1C646IEQE85W,A1SD3O0726NFPZ
84,3NJM2BJS4XD3WGTI32QV6W7IVH1PC6,A1SMYB7YESWB29
85,3TU5ZICBRE8MKP4KM3PF4F19AMV8Q3,A1SUB4VLQOLWDX
86,3Q8GYXHFEQ9Z36BZJNHH8Q215MYC5G,A1T208Y507O4RS
87,3L6L49WXW14W82YKQ8BZPSQDDAG54X,A1TGV7LT6LTIQU
88,3E47SOBEYR3BFU6EQ70BXZ66939CIK,A1TJZFTCYX4ASU
89,3F6KKYWMNC8DYNNJNJ8EMDK5G3TNDR,A1TR615HGENX1M
90,3X4JMASXCNGHYUXS8HFAGB0S5OP0B3,A1TYMXIYUUUL6F
91,3NXNZ5RS1B4CSCIFVWMN4KFPQ7N978,A1UGFNSA16TKA0
92,3DYGAII7PMF7QH318KRQQ1WZZXQPQ1,A1UTB5QNB62Z2N
93,3ZSY5X72NYIPHI606Z3B6R1ELD3ROS,A1V5VJE32G7HDE
94,3IO1LGZLKA4TA7L07UBHYAKIALJ684,A1VE1CAMPSYRHE
95,3JRJSWSMQISBMP891VZJJH4KBXXE3N,A1VFSNVFK883XU
96,32SCWG5HIIBEGZKHTBDSKWF8ZVJP67,A1VPQJR2V850OM
97,3J4Q2Z4UTZAXAQ02K65LIV4VSTXWQ5,A1VZXIAUASLRG9
98,32VNZTT0A8BLDPWINFO2STV94NU4RO,A1WGAGT5ZN4A3X
99,32XVDSJFP04KDV43ET9XDF41EM3M2Q,A1WR3WTEHJEY2D
100,39OWYR0EPLY4865TLRCFRTLXWZRYFF,A1XMTO1NDPOUJ0
101,3WR9XG3T64IBV6C3E1QWNC493A747U,A1XNZ9SJQY5VHC
102,3WS1NTTKEZJ7BB98DJ16Z1RDKNW0F2,A1XZVJ16I3QXDN
103,3ZSY5X72NYIPHI606Z3B6R1ELDEOR0,A1Y0CLL6EMMN31
104,3JNQLM5FT5T07DMIEH8ID2PCFLO2LO,A1Y9VA9FKJLS5K
105,3XM0HYN6NL6ITEDWZTWQWK7LGT9EPJ,A1YFVXP4A1CXSF
106,3EFE17QCRDCRQGKQHB8QCS99VTHSH2,A1YKFB1EKM08EV
107,3JC6VJ2SACQBARE1Z9LQ2VCD4E8A5W,A1YMPKC9PHDS3M
108,3BXQMRHWK05TX7D5XDJ3JYZTXC5UMX,A1YPOIURXB6ESR
109,3GS6S824SR4C7TNA4ED4E19QONPWN8,A1YSYI926BBOHW
110,34QN5IT0T0YYWWZL55V0P9ARXI7087,A1YWHR3N80AM2A
111,3VJ40NV2QJU2XXJSAO86662W9YATOH,A1YZK4C8Y49H95
112,3R6P78PK7LIE5K2UM5VY1XTUIC7GT5,A1Z3OS0Z5LLCPU
113,3H0W84IWBL935RTBCL0F1F70HBVER9,A1ZNPRXW8VQHJK
114,3X4MXAO0BHVXMRF2XLULNLE0OF9RWB,A1ZPYSX30BDIVW
115,3VD82FOHKRVLBGHHO2DGHW2SMESCO4,A1ZSRKQV1D9E14
116,3AQF3RZ559P2PMVNF8HN8214YU36F3,A1ZT30BGR3266K
117,34T446B1C1L08ZPYMHB5RV6AN9N0C8,A20188HWPLRTA4
118,3B2X28YI3XMCC5J7A6VRPCAJIR56B4,A20HL4RSJ88TD8
119,3U4J9857OFIVG5XCTG0JVQAFD2PB78,A21VICXBM5OCIA
120,3P4RDNWND6DYN8CK0ZHXK3J1ZOUIJI,A21XG1MW1PW6TP
121,39KFRKBFIO2YEJIMKUV5ENUBO0FYOY,A222R4PNCF08OF
122,3OLQQLKKNTWM73AY4GR6ZOL97U2EJI,A2295H0UW8SPNU
123,3M68NM076IEZSC0W63HHPRFN0EX6R8,A22KSOTYFKJZO6
124,35GCEFQ6I6V9XKZ5XIDW4R52Z383ZK,A22RD74O9PBAE3
125,338JKRMM276NQKYW0BMZRSF39ORHAE,A23OS0HQ12VVOR
126,3R9WASFE20N4DWFYHDEY50UZ2TUZF6,A23UO8033OFMJ5
127,31UV0MXWNRJQG9XZBXD3JT0WHMDI58,A24N0H9T5YFLP7
128,3PPTZCWALRR14L57VTPSHZYD9L2ZQF,A250FES5PFCGK9
129,3STRJBFXOXYJ76YDCWGDZPLNPTYTKV,A25L985XCNESXE
130,3VP0C6EFSH38VWN41VL03SLDUR5M67,A26AL0UK4XSTUX
131,3SITXWYCNWGPVK33BT4HPPN3G05BXF,A26LOVXF4QZZCO
132,3TPZPLC3M1JFJGXZA9FUDT3OP4W3PU,A2707X2QV1A7Z0
133,3DZQRBDBSMMCW8DR2QJO8Y8ZCOT3S0,A27353U3GOR77W
134,3TXWC2NHN0XYBA27JZKYZBBLCG29SM,A277JAOM353NAV
135,326O153BMJ594HA6UK5VWQQW3FCDEL,A27CB6JIC5MZFR
136,3T3IWE1XG7U5I9W8P10AVBXWP4LQTQ,A27CEAL8PWSAG5
137,3EKVH9QMEZBH91YQ10AUUPH76CU2DG,A27OPJ1LQTZMZ1
138,3K4J6M3CXF09QO3LG54H6S32UNSGAQ,A27U34JQKVDTA3
139,3YT88D1N095E8P0JXHAMHCHPVUB3KE,A2A3KSGT2S8SXB
140,3PJ71Z61R59YHQ3D6G5E3AOCMHD91S,A2A5WYVO1PRB1Z
141,3YOH7BII0AEYKY22HRGS0798MFWKVM,A2ADZEAP130MI2
142,369J354OFEH83MRIQSN5QN1GY40G6Y,A2AY9FXPXCAC5F
143,3K2755HG5TA1AVA2PVP1E8BWEBVDFW,A2B26DMSOG0LZD
144,3Z7VU45IPZODNHLQAEZDGYQ51KXZ1T,A2B2HQHFBYLTXU
145,3Z7EFSHGNAL85PV9PT0C09TLXG2XCU,A2B4NOB02ERQCL
146,3GU1KF0O4J8KMB1CP2U0VC10EYIBP7,A2B95Y9QQ49U8T
147,3TR2532VIQ1IUOHJYY88N0TWQWQ6J1,A2BPXWBO2OSJRP
148,3KJYX6QCMAI39EWKZ6GGZS9V7P5JVT,A2C9KE7OT7GD76
149,3HPZF4IVNN0X5ULJUPMEJN0UZNICY3,A2CGCAQA2IKLRV
150,3HVVDCPGTFZERBNUGBH48X0YN85YTT,A2CRB05XZ6SZBL
151,3IAS3U3I0GNOU406N4JOZZT72M22BI,A2CSS0FYAS7424
152,308XBLVESJB5YOHR2UYP071FFJKBRJ,A2CWJRAEFZ44HU
153,3OCHAWUVGPRQON7XH6HAOS6T2QYXKW,A2DNEPVF6DTLGH
154,3FDJT1UU75FHM4NNB0YFW9F99QIK51,A2EED3HLTA96CP
155,3HMIGG0U4MDVTRV6DD69H14B9VC8Y6,A2EELTS09HUTSF
156,3IUZPWIU1PEBZN2771LOM9SMTN9WKH,A2EHPYZ26HSCR8
157,36ZN444YTS5COJ3HGC92SZ0NYHPIOK,A2EXM21XS6NZV5
158,3A1COHJ8NK297W5H3D2LV198J028HC,A2F4R7SG86NLGG
159,3AUQQEL7U60W78VYDY6AHNUZ9L4V0E,A2FIMENJ9UMN7M
160,3UOUJI6MTEL4RJC9BKLCUFFR4HNXUK,A2FJYDSAE26ILV
161,3P1L2B7AD2WEEKBN1F6FKFSFGQELO7,A2G7DTL156PTKA
162,3L6L49WXW14W82YKQ8BZPSQDC4C45F,A2GPRAZMQDRPJP
163,3PS7W85Z809ZQAFM8ZPO9G77EZC9T7,A2H8HVANGF4A58
164,3BV8HQ2ZZX87TVEF4SVVU1QD1BK6AE,A2HHSS15OIDP46
165,3VJ40NV2QJU2XXJSAO86662W9ZMOTQ,A2HJDLSU95MH8Q
166,3WR9XG3T64IBV6C3E1QWNC493AO74E,A2HM5H49DEQ8SV
167,3L4D84MIL0ZYRD10UHZCKRIMZA6JHF,A2INYPWA2ZWVC2
168,3F6HPJW4JE7GI7YHIVFKMD6SDSN2WC,A2J9U65SKT4TJW
169,3RANCT1ZVGOXEG986OTU5IOZLDLUBS,A2K3J2IPWT7J9X
170,308XBLVESJB5YOHR2UYP071FEFBBR1,A2KGDRYFAICG4Y
171,3Z3ZLGNNSJ10JSYEAMUJDYTYU0E3QH,A2KLT3Z3UUJCQV
172,358UUM7WR0AIWCE1PDM9V5FJVOZ7RO,A2LA5Q1V1RYGF0
173,3WR9XG3T64IBV6C3E1QWNC494FC74D,A2LF84L3K71GR2
174,39N5ACM9HFU1YIMFRIG4466APX6P9Z,A2LV5432PV1S39
175,3MD9PLUKKJLG1OSFF1XBD5384KRZNO,A2M47ONTL35B3A
176,33ISQZVXPQTK2RKEYX4PMW8BWYFCC8,A2M9ONJ71ZC79O
177,3F1567XTNXCMYUNURVVT4BWKUSE9QU,A2MCRVU8I9VNHG
178,3VSOLARPKCGURTHSTKJXR339K0039L,A2MFK3HMGTN7S0
179,3RSDURM96BTC2S5XQGS99B0XL3EEYQ,A2MKXI4KCRRI7Y
180,3DZQRBDBSMMCW8DR2QJO8Y8ZDTU3SC,A2MOC4PTJYY15B
181,3M0NZ3JDP25CBZM9B11PJO3MDZEZ5L,A2MT00XHG0PLTZ
182,3N4BPTXIO9ZY7JD2C16N4L7P873UKL,A2MYLV7DGUL42B
183,3ZSY5X72NYIPHI606Z3B6R1ELD0ROP,A2N2GFB33ZMYGF
184,3K5TEWLKGWI7E3CEHOVGNRUVVCLIVQ,A2N5M0WVYGOR92
185,3R2PKQ87NXFOOGI53WUP0VBI4M5IMB,A2NGMLBFZ3YQP5
186,3LKC68YZ3BAUPENM5TDHTQ9VDSJOWT,A2NTY8DI5VEG
187,3M68NM076IEZSC0W63HHPRFN0D76RG,A2NVO55DO76R80
188,31IBVUNM9T6N4CAOGGPVKUH3EIRVF5,A2O4BEPTVGYFRN
189,3O7L7BFSHFWQCSQSMY66NN69VKEEII,A2OEDX14YO8EFJ
190,3H7XDTSHKDY6X16OHA09OH0TN8JGWU,A2OISD157P7NCP
191,3DI28L7YXBLFCMUUERL0VOPNDD8E1K,A2OV56TYBRLYNA
192,3EF8EXOTT22NN2GMSSWRS42FIL11JP,A2OWR0061X3JYM
193,3KKG4CDWKJ5F9P0WTYOG18VFY1J49W,A2OXU7SRG0UHM
194,3UN61F00HXW3980I1K7CXL1N4IZ5R2,A2P53AN2M8IWFP
195,3B3WTRP3DC956BL9PK5S8TYHEM429D,A2P791EA88YGSV
196,3NC5L260MPTSES1RF43HP2NVIPPOFR,A2PETGZ1KZLFRM
197,3L2IS5HSFBPZFPY59EY3WDOT22ANUL,A2Q1WQ4SKCA7VS
198,32SVAV9L3GG8WCRXLQXXNYETQII3A0,A2QFLN7ZQL9F8J
199,39DD6S19JQIC7IF2M2USNI9ZQSSEZG,A2QX3YJXAAHHVV
200,3IUZPWIU1PEBZN2771LOM9SMTOUWK4,A2RD5Q42740FPU
201,3RUIQRXJBCV68Z8QONQNSYOLKG6LLC,A2RU4CSRZTTWD7
202,3TXWC2NHN0XYBA27JZKYZBBLDL9S9N,A2RUHO7I7Y4XFA
203,37WLF8U1WQXD58N1GJ8KOFT95LDK61,A2RZ3I8KM7WRNW
204,3R8YZBNQ9IPIKBZ1CYX9QF5E07RQ7B,A2S75O867RJG0I
205,37C0GNLMHGA5R2HRO2MXK2YJLCRD6S,A2SVNXNMD7E7EH
206,351SEKWQS1O7G52JBITE9YV5BCWDMS,A2SWQM5X54P1O5
207,3TPWUS5F8A8TGPQJFO4QYQFEOEVWCZ,A2T11H7YI7QPGD
208,3634BBTX0P1II6QOH9QC55R96GAIFA,A2T1LNI80EPOQR
209,3E7TUJ2EGDTS9LJPM9P94CPLBD5D99,A2T8OTNOQJ1MUL
210,3LKC68YZ3BAUPENM5TDHTQ9VDSYOW8,A2TDAI42SCGC8X
211,3WR9XG3T64IBV6C3E1QWNC494FA478,A2TH9DIRISH8FE
212,3HVVDCPGTFZERBNUGBH48X0YN8WYTK,A2TI9CGVG147MZ
213,38JBBYETQPHW4LRD1942TMWQPY34EA,A2UA4JVM1QTTBE
214,31QNSG6A5S0CE7Z5Q4G94OKE5W5877,A2UIRQTM2V9F7V
215,3BGYGHDBBYRU6R0A4BQDY6Q38GT22K,A2UX1I209LML50
216,3JBT3HLQF99G494SVGA3HU8354LPZE,A2V35L3RIRYYXV
217,3P59JYT76MROQQUNNQA9ZTZT9YJ2T0,A2V5E94MHIR821
218,3JZQSN0I3RH4MFKTRLQ9KTETR49FG8,A2VA0NCPWJ8XZG
219,3X0H8UUIT2V9N6FFCAUQDVJWBNFSW0,A2VDGWD0BBMSP2
220,3VELCLL3GLQ7I0UQ9256D6ANPEG1FI,A2VO3FQREJGGVP
221,33FOTY3KENS0FOAGI0F550PKSSVC17,A2VT0REE77ZI2I
222,3JRJSWSMQISBMP891VZJJH4KBXIE38,A2X9VV3B0FZKHY
223,3X31TUMD7YTTIS4MVD848JF7MA61LR,A2XAEEIHA0HTS8
224,3SNLUL3WO5U9RPVKX1IOJLK4X72LU9,A2XH6QFAH5EMWT
225,3TPZPLC3M1JFJGXZA9FUDT3OPUTP3T,A2XHD64QUKA5Z6
226,33M4IA01QH8CBRKS7QQ7P4S7YM8XRE,A2XMO68T3BJFFA
227,33PPO7FECWMLKMCSQ3VMH5OOV8DIDT,A2XWD4PZM6JU0M
228,3K4J6M3CXF09QO3LG54H6S32UNRGAP,A2Y5EUOYW8TXX
229,37Z929RLGAFHVPBLH5PFQBCX6N5ST5,A2Y749J0XM6TIW
230,3L0KT67Y8FNDCBAFRBCEYS4CLQCYSR,A2YKI18YBWTOFU
231,39JEC7537V8G10QEPEZUCOW0H5VCV7,A2Z0A7BFD0OAOI
232,3EKVH9QMEZBH91YQ10AUUPH757K2DV,A2Z5A7TCIR8M6E
233,33FBRBDW6P6IQOU1HLOKKACS7D18CI,A2Z64HYA7GG3KM
234,3OS4RQUCRAM8VYCIBZYVJINWBQOFBW,A2Z8V601LQT1KU
235,3IXQG4FA2U5ZUOL58DY39M1L8SD9BI,A2ZA3X3DBEMBCD
236,3MB8LZR5BG0VOTQ83NEMDYB6VG9KLG,A307TW9S7SL946
237,3C44YUNSI2WD18ZW3YL6Q2P0GITPDO,A309E9ZYRIL8X2
238,3PJ71Z61R59YHQ3D6G5E3AOCMHK19R,A30H28F41UBJGK
239,3S96KQ6I9NBBT0S3KFUQVCQX6PWTDO,A30VLAIIJIG5IS
240,3VFJCI1K4061P5P2IGQ31ISCVWUGRN,A31CQ2BUTMPXCT
241,3JV9LGBJWULYSSXMQO9Z7NN7J4XGOQ,A31YMSNCOHKFL6
242,32AT8R96GMGWV2QAHAFPV7YZP1IUS4,A324VBRLXHG5IB
243,3ZV9H2YQQEE53PU0MVTP5NBKI1N3WD,A32O5GU14PCU2L
244,35H6S234SB7ANP2Y9W4EMQAR8VI652,A334PBUMJKBZFN
245,35BLDD71I74T9T1OHSJ2NMXLQNLZVX,A33AIOJN19NU8J
246,3Y5140Z9DYNU9JFIVCMHHZ5D9RGIP7,A33UVS8TAJCHSN
247,3TE3O85731FBABHVJ15EZEYBLD82R9,A33VGSEJ44ORMF
248,32AT8R96GMGWV2QAHAFPV7YZP1BUSX,A340GED9S6SFCK
249,34PGFRQONPIGO3WPPGLCLUS9F3KJWR,A34R8GME9DFTUF
250,3ZSANO2JCGE7CKTKMLKQ97XWFFHFS6,A353KRCIIJ2XKB
251,3PWWM24LHT55S62ZKSZE8X36UGH82P,A35CL66BEUSJ5Z
252,3IUZPWIU1PEBZN2771LOM9SMTN5WKD,A36182T4GE5T3C
253,3GFK2QRXXAO8H4H40EHIKK94X0X5WV,A36TVUS9B8DFL7
254,3TDXMTX3CC1MZDXDGGN8BZEWDH56IT,A36VONVEFNAF85
255,3RRCEFRB7NJYXIFTRI2CSEQ5M05B4U,A36Z99NZBX8NQ4
256,379J5II41PNS2TYY713JF3Y1BJDLEX,A371H3PQPR2Z8J
257,3KIBXJ1WD613UET5GFUE5FF0QM2OKR,A37RHUAH74N5ZJ
258,3BF51CHDTWHRP70E89P62M3Q02J0HA,A37V2BNHM204M7
259,304SM51WA4BHZ3H4HJYUQH6B1LBBSF,A37VBAMFEQKJO4
260,35L9RVQFCPP75TCU6G3QRTRXHVWHUC,A38N2MBXP7IOPS
261,3BF51CHDTWHRP70E89P62M3Q0SZH0N,A38OPVI04AH4JG
262,3HYA4D452SQE7LCMS65KIPKSHKC2FI,A38ZV8LBZ034IZ
263,33L7PJKHCH5ZC5WC37JA9KCWVYWT8F,A397QMUM40C4SH
264,3NPFYT4IZDBLM1BERFWVQ0E0V8VXG5,A39PWJRB4M0OTH
265,3KKG4CDWKJ5F9P0WTYOG18VFZ5194S,A3AFC26CB0AXMI
266,3OF2M9AATHVFTI7CIO5VLDM4AP9ZK6,A3AHCT6Q7A3Q23
267,3VHHR074H4O7TEJOKTPD9T6KPW5L77,A3APMO8WXVH1V0
268,3QAPZX2QN5KNAHXWPOMZFIXOBI620X,A3AWEBKWRGMUMU
269,33IZTU6J828OC6K5MFQCFEX3JJVSXQ,A3AZU3LTB27ZBI
270,3JBT3HLQF99G494SVGA3HU83407ZP1,A3B465RUZG2MH3
271,3TEM0PF1Q64ADRVCMD6GB1OS89Y0D7,A3BTK49X4ITNXJ
272,3M81GAB8A1Q5MN2RPF9PVHRAISMBQB,A3C0NQ2IP5FTZQ
273,3ZY8KE4ISKAKV10XUW0PWTLHLKWVQV,A3CMWYLWMENHLZ
274,34MAJL3QP5UTUNBGCPN6AVSTY9H34M,A3CND1IYEKYI3D
275,3XUHV3NRVL5QKEMF5FVIJHZHH935H7,A3CWW9DIL73I14
276,374TNBHA8C21ZVV2Z7N93SPB468YQS,A3CXK1KSRGU27V
277,37Q970SNZFFGM5ZCFM55K5T2E4A1S1,A3D4A0Q763XDJP
278,3CFVK00FWMSOPE5J1JKL3F6OULL6LT,A3D6DQGF78M17W
279,3GNA64GUZFB3X7LIO5ICSVRI8WU5QY,A3D8YI0V6JUQH
280,3SNVL38CI5Z2LPW2QALNAFLJ18ECKD,A3D8ZG1VV5FO35
281,34V1S5K3GT8TOC4ACMHVY6FTUSS69M,A3DFVK9HZOBC1V
282,3NJM2BJS4XD3WGTI32QV6W7IVHYPC3,A3DRYZ95VDUDK
283,3KV0LJBBH3S1HFLOTJOYENC9QE0MRM,A3EEDOG88EIX72
284,3VAR3R6G1Q8JZDR47QXBFA69VLMO8K,A3EHD6GQDR207X
285,3KIBXJ1WD613UET5GFUE5FF0QL6OKT,A3EWC3BN8RU33I
286,3EICBYG64537A5QK8PLB90L6MINJCS,A3FCZNB9E8K3CX
287,3WZ36BJEV4NIE3UJ6J3K0M2X2ZQBTU,A3FMSV2KW0YQZB
288,3C8HJ7UOP81AJ67F30IB0QE8ZU5ZMC,A3FNJ2EFZ5VXD4
289,3ZWFC4W1UVEVB5T77WKLJXS0TCJFR1,A3GLARN7GAWZOH
290,32VNZTT0A8BLDPWINFO2STV94DTR4Q,A3GVUYY3TWRPZT
291,3GDTJDAPVVIVZA6SUAIYN6H40L2M8Y,A3GWRDHAURRNK6
292,3R9WASFE20N4DWFYHDEY50UZ2TSZF4,A3GX1M6BYHJOYC
293,3U84XHCDIDKUFGI9XWIFEWX8D3JZ4G,A3GXZ2AV69DU11
294,3JC6VJ2SACQBARE1Z9LQ2VCD4EA5AT,A3H16L9ZBR5LQW
295,392CY0QWG2Y8KQTZXSUTE1UIHQM4IT,A3H2F6RU26B01N
296,3KKG4CDWKJ5F9P0WTYOG18VFY0U495,A3HH7T31PFH49C
297,3G0WWMR1UWR7NWROS5EYMCR4ZH0QNF,A3HL2LL0LEPZT8
298,3NG53N1RLWQ1KD35MQAQ4ABZ5QCP8W,A3HOOMIX87687Y
299,30ZX6P7VF92UCNYIBWW5XNCKARI2JA,A3HSONMX6LNZR4
300,3BXQMRHWK05TX7D5XDJ3JYZTXC5UMX,A3HVR6SN46ETZ1
301,3ATTHHXXWBVZISH9H3WYBCRGALQXI0,A3HXCMU4MOPSQI
302,3Z7EFSHGNAL85PV9PT0C09TLXGDCXK,A3HXEV518E9PZQ
303,3PZDLQMM0US749SC14FJAJZPK72C2Z,A3I55L67X0MWC4
304,3X73LLYYQ2LUA3SL9FR4DYZ38UEHNK,A3IEGJT83U746S
305,3GA6AFUKOPVN6ZZBRW7P4K1X3EQ3HV,A3IKXWJKHW1XWC
306,3I33IC7ZWG9JBUVEHQJS4O91K4HA2V,A3ILNJMBARBMU
307,3OE22WJIGJVKIMBXP6QK07JY7DOUQ6,A3J4WJFMXUY11P
308,35GCEFQ6I6V9XKZ5XIDW4R52Z353ZH,A3K50Z84XO36MX
309,3COPXFW7XCJLFE56VF7TUFKQ0QIPKR,A3K78ZN2UFJ2W7
310,3WYGZ5XF3XMIS6LYNWBNPKP1NAMSK7,A3KA3A3M7LPMPA
311,3AAJC4I4FHZKIY1U035JKYMRV09ZJ7,A3KI91ZYYAPUO6
312,3I3WADAZ9RB0CV829SQ83QWIU0EO5M,A3L60SOWLYEDN2
313,3MMN5BL1W0B9YD0MITN2WP9TKZ7M33,A3L771HVIWKMZM
314,36V4Q8R5ZL715E6OG4ZY9X24URNQMC,A3LGH2ISF18Z9W
315,3MTMREQS4WP5NATLVA8ZSVPQOBOAWP,A3M1PLQTQIALZV
316,32KTQ2V7REMVDFP2Z2OCN2CFLX3M9J,A3M40SGP17FJJM
317,3DEL4X4EL7SL8SWELLI1X0L405EXYY,A3N6552D8M4QW8
318,336YQZE83WLCCSNQWCBVBM7DYVX5MB,A3N7MDS3235JYB
319,3E4GGUZ1T9YPN740THWHY2CXPGB2K2,A3NGTGQGRTG4OO
320,3D4CH1LGEB0VL5TGOZQHAXSIO5B9G5,A3NJHDZKBYBPIC
321,32AT8R96GMGWV2QAHAFPV7YZQ6ASU5,A3NMQ3019X6YE0
322,34BBWHLWHBIKTSCJ7Y0C9TD91JGWI2,A3NVUHG65ES2Y
323,39GXDJN2OULEPX0182JPA20HREKV8U,A3O174HJZXIRBH
324,3L4D84MIL0ZYRD10UHZCKRIMZAUHJ1,A3OB6REG5CGHK1
325,3634BBTX0P1II6QOH9QC55R97LXFI5,A3OVGQIGX8BAB4
326,35L9RVQFCPP75TCU6G3QRTRXHVWUHP,A3P1SDBXCNU6C
327,3P59JYT76MROQQUNNQA9ZTZT8T62TC,A3PZWRSNWSH1X2
328,3KAKFY4PGV9N2UAVXEPA4W2C3QMI3I,A3Q2F1S9C25XU3
329,379J5II41PNS2TYY713JF3Y1BJ6ELJ,A3QA0B0ZI9EBYN
330,3WR9XG3T64IBV6C3E1QWNC493AC742,A3QAETE7C7Z4R3
331,3R5F3LQFV3RYJ9SRGGXOSU3DV0HOZQ,A3QNCW3LR2AVOV
332,3VP0C6EFSH38VWN41VL03SLDUQJ6M3,A3QU76JUWFPEUB
333,38JBBYETQPHW4LRD1942TMWQPXOE43,A3QUWIT972BYUH
334,3QJOXOW4XKYC8BGJ7D4YFGDQBOYEMN,A3RZLDKSVK9W3N
335,3AMW0RGHOE9MNKQ9SSZ9M71UVNMNPY,A3SGR153YCJ1XN
336,3KAKFY4PGV9N2UAVXEPA4W2C3RJI3H,A3SKEW89V5S0DI
337,3OF2M9AATHVFTI7CIO5VLDM4AQ4ZK3,A3T9K2RY06UO14
338,3TVSS0C0E27A26SU1AZGN0FIC0WWTJ,A3TR9Y4WENJKSC
339,3ZQIG0FLQFNPFYWJ65ZVOI339BDWVG,A3U21PUMQ6NGT2
340,33IZTU6J828OC6K5MFQCFEX3JJWSXR,A3U72WRSFYQMEB
341,3ZAK8W07I5LWUT6Y88W5L1SGU9OU06,A3UC8KZ5O8FVX9
342,3L0KT67Y8FNDCBAFRBCEYS4CLQ5SYE,A3UC9N3EEE6733
343,3WLEIWSYHPOYLH3SNWTKLAW5XZ92H0,A3UDP95JGEX3H1
344,3T3IWE1XG7U5I9W8P10AVBXWOZFQT9,A3UF6XXFFRR237
345,3L6L49WXW14W82YKQ8BZPSQDC4I45L,A3V57BKH58EUIY
346,3COPXFW7XCJLFE56VF7TUFKQ0HTKPF,A3VDG4N48AVYGQ
347,3IOEN3P9S8QBZ71F8922J0XAXKJ16W,A3VN75P4C6NVFQ
348,31EUONYN2WAHAPNHFJ8L7OQH6JLOVN,A49A0FF6ZXYDU
349,3LRKMWOKB6OKC23MTIZRLH0ATPSZ2P,A4C24EU9WEWP4
350,3TYCR1GOTDQQDOPU3OHW0DZJ0UKZLQ,A4CHLWPHZIP7Y
351,3U0SRXB7CEC7ZX6O5K3YR219V3CNRN,A4ZCS7YTJS0DF
352,3L4D84MIL0ZYRD10UHZCKRIMZA2JHB,A58RZ9YFZ1T6M
353,3A0EX8ZRN9VEVPTDGPQJ83UCH1XBY8,A5OBJUPZLVOKG
354,3FK0YFF9P0NC09WEGVUZ2GKP2CIVVW,A5OXMUAE273TF
355,3U088ZLJVL09MXV338B63PDDFQNW0X,A5P78B8P70TOJ
356,3ZSANO2JCGE7CKTKMLKQ97XWFEVSFV,A69MJ072PH13
357,3STRJBFXOXYJ76YDCWGDZPLNPTZKTN,A79DQ52TB006D
358,3TGOYF991YTCAFIE6FAPA8GNAZIUU1,A7XOIQCYY2YCO
359,384PI804XT8GFGEUJ31560AS9CA0S3,A8IYNJCLWTG2V
360,3M0BCWMB8W3A6KYD1O8VN69W7YZBWM,A8VFIXE5FL8C6
361,3AQF3RZ559P2PMVNF8HN8214YUBF6K,A96CZ20YAZKZ8
362,3JNQLM5FT5T07DMIEH8ID2PCEHN2LE,A9A0R9F8R534A
363,39GHHAVOMGY4F1D5FAFTQ29IU5FJ4O,A9EUDBAYJKIN6
364,3HPZF4IVNN0X5ULJUPMEJN0U0RZYCF,A9WIOFVRSYW3L
365,3RXCAC0YISWV70A6J7K3A1X754R8GO,AA402T4YY1S7N
366,3OCHAWUVGPRQON7XH6HAOS6T2PQKX9,AA5ZDXAA2DLY1
367,3QFUFYSY9ZMOAZR9WKO8B4HQ1YW4F4,AA9SBG7LNCG8Q
368,3BWI6RSP7HGTN89W3729WYG0H4C7EP,AABCSDU3TZLNG
369,3LRLIPTPERGESAZ46WPW4KVV145KAT,AAURS65ZO4SXC
370,3NG53N1RLWQ1KD35MQAQ4ABZ5QH8PK,AB5TLEEKFWLFP
371,3GS6S824SR4C7TNA4ED4E19QNINNWM,ABBG54IAO6VJ8
372,3T3IWE1XG7U5I9W8P10AVBXWOZIQTC,ABKPEX0E9W2HW
373,3TPZPLC3M1JFJGXZA9FUDT3OP4VP3F,ABMX8XUNPR3LP
374,32KTQ2V7REMVDFP2Z2OCN2CFLWUM98,ABOZB8GGPZF74
375,37Z929RLGAFHVPBLH5PFQBCX6ODTSG,ABS3F4WC2JSRG
376,33L7PJKHCH5ZC5WC37JA9KCWUTW8TJ,ABSEI5UAJIJRH
377,3A7Y0R2P2PVVD31FZLHYND6GN0CJXV,ABXI04K7467QI
378,3NXNZ5RS1B4CSCIFVWMN4KFPP2Y796,AC53GS6RNZLVE
379,3QAVNHZ3ENBPCGHMRW1XJK8AQ4ALAX,ACGZDI611LU0I
380,3A7Y0R2P2PVVD31FZLHYND6GO5QJXK,ACN0C9HPYDTED
381,3RKNTXVS3N5TE8A1L42GX36Z4ID4AL,ACRTRQ23XH20E
382,351SEKWQS1O7G52JBITE9YV5BC2MD7,ACZCX0BDOL5CK
383,3ZSANO2JCGE7CKTKMLKQ97XWFETSFT,AD1ZZ20JSZ9L
384,3MX2NQ3YCA1N64MUAJD4M3NB5ZH5XV,AD2MM9ADRNBVR
385,3B837J3LDP34FAYTDGKKQWBFI23RSM,AD99N8AB266T7
386,323Q6SJS8JNIMBF4BR8R5TQU64VHFI,ADI3HG1MTGI1W
387,3WQ3B2KGE9NH5JIA40JAUGJ2AG11BD,ADTCM9MWX61N0
388,30LSNF239V2YHCECTEB5LMXKYHRI2N,ADWDNBND4BW94
389,3MD9PLUKKJLG1OSFF1XBD5384KMNZ7,ADXRJFEHIDXRE
390,3L6L49WXW14W82YKQ8BZPSQDD9R455,AE2QWV0TZNJAN
391,3FE2ERCCZYF455QLT7ZM1W1ZKVNOP5,AE3ZQZ2Z81Z11
392,3DZQRBDBSMMCW8DR2QJO8Y8ZCOO3SV,AE87K978IXPYP
393,3KAKFY4PGV9N2UAVXEPA4W2C3QVI3R,AFO9MCOXXSYY7
394,39U1BHVTDMYDB8Q6RQOEI34LE8P3T9,AFP6UD3CFMDIC
395,3X4JMASXCNGHYUXS8HFAGB0S5PSB0J,AFSGRTCIUF123
396,3TXWC2NHN0XYBA27JZKYZBBLCG69SQ,AG55I84M0SKV0
397,3483FV8BEFQIOSJBRD2GOJ7FOLR621,AGHKGWDYPVDFE
398,31QTRG6Q2UKGZJUNZU8K3NZ1Y5KYPO,AHEEMGVMGEMEQ
399,3FQ5JJ512MVLCTTTF0U1QQFV0B2KNB,AHPC1SPKDRT51
400,3DBQWDE4Y75IUA8Q8DQVO1WD3L75NB,AI57RR8OF4MR7
401,3KMS4QQVK3X9O1GCHCBOIL6MZPPKFO,AILDNTO2TWB4A
402,3IAS3U3I0GNOU406N4JOZZT72M32BJ,AJACXA5FC5BYZ
403,3YOH7BII0AEYKY22HRGS0798ME6KVU,AJB5DI23CYKZS
404,3Z7EFSHGNAL85PV9PT0C09TLX68CXV,AJDWFBDGUPY14
405,3YW4XOSQKRSW1IRG4R05Z6BQ07U1UT,AJFVK3O1D7SPE
406,3TPZPLC3M1JFJGXZA9FUDT3OQ9JP3E,AK27D3SD6EZX6
407,36W0OB37HXLORS64C32Y8L6CI85ZH2,ALDWVFR4I0V2D
408,3I2PTA7R3U16FQ6LVSMIUKA05MPQK4,ALLP45O3BDWYM
409,320DUZ38G8TKRH6PABHUZR6LLFPGJK,ALQEBL8XKDCWC
410,3IXEICO793QC8RDOASMCP6G5P36T6T,ALV4DAF8DIJ37
411,3ZOTGHDK5JI1IX6DLO3GW16A7FPOSG,ALZPRUP1H8BR8
412,3EWIJTFFVPEF5X9CI8H0HJ6D9Q6E0W,AMHL2A10OSMXT
413,3B3WTRP3DC956BL9PK5S8TYHEMZ298,AMPMTF5IAAMK8
414,3WYP994K18Y8PDCIKY9BXN8K30MY6A,AMTNUBMVPSUDF
415,3SKEMFQBZ4C09M6P9Y5I8TP0CLC8KV,AN098C29EGJ6
416,39LNWE0K4V371ONECYLBR5SCG3EUIA,AN0ML5CZP3BGZ
417,3SB5N7Y3O4BDPB53O37OHMRPL1RG0A,ANT979UZZF7N0
418,3VNXK88KKDPE32JBDUP3AYVSBLE9VB,ANYY4NTDXOI4P
419,3KV0LJBBH3S1HFLOTJOYENC9QDORMD,AO9VHGJ8RGOZJ
420,3OSWBBLG1F4IAH1NPPVNKFB3IGFDXB,AOHNC4BA94ER6
421,3483FV8BEFQIOSJBRD2GOJ7FOL162B,AOKAJ746D9ZAX
422,3NAPMVF0ZXM1SSXGAN78UX7BJWO279,AP4ODJNZ96BNR
423,33M4IA01QH8CBRKS7QQ7P4S7YMDRXD,APGX2WZ59OWDN
424,3BC8WZX3V43SEVYGYRKF0M6JW0LRRZ,APO4DD2J9RWGP
425,3WQ3B2KGE9NH5JIA40JAUGJ2AGZ1BB,APQ5K76HIG41P
426,3U5JL4WY5LG5ALIUWEUUHBHX68Q4X4,APY5858P6BTDY
427,3HWRJOOET69F66TORA0KRPCW3DVESE,APY7YO8CH0ZDP
428,35H6S234SB7ANP2Y9W4EMQAR8V065K,AQBMXL3D39ZC0
429,3DYGAII7PMF7QH318KRQQ1WZ01YQPJ,AR4XFM7G1W0VQ
430,3SPJ033422AKD8RP4H306RDPP6CYJM,ARDQYKIK0UXJG
431,3ZAZR5XV02PXAKVOQBOXXU9W5HNZCI,ARYM8AK312CZ2
432,3N1FSUEFL67RCFDD5ETIN4E5PLJD45,ASL9DJYE4F92C
433,3EO896NRAX2OWMSVUBG1YALAA41JTP,ASUYZPEXOLCZT
434,3NC5L260MPTSES1RF43HP2NVIQJFOE,AT7THGIGM9XN5
435,3VSOLARPKCGURTHSTKJXR339K1N39A,ATZSD4TTNDO5V
436,3OSWBBLG1F4IAH1NPPVNKFB3JM9XD2,AU8E4DAVQLGL1
437,3E47SOBEYR3BFU6EQ70BXZ669TBIC8,AUFUUD4WG9CVO
438,3D8YOU6S9FRR84SDAXCMU2277CAU67,AUH9D3Q8IN61U
439,3GS6S824SR4C7TNA4ED4E19QNIBWNJ,AUQ79MANVDU9B
440,3KXIR214I5N495FX8P91RLN1SUO42H,AW9EDKKC3T76Q
441,34S9DKFK74WGWYIAJFVSZYU6YQAYNJ,AWGCI5M1RK64G
442,3NPFYT4IZDBLM1BERFWVQ0E0WAHGXF,AWZPYE91AF7KU
443,3IGI0VL648R42KE8DSMUX7W4KGKNO6,AXK0ZFWBIV0PW
444,3JPSL1DZ5T6F0GK739HCWCCZW4INAK,AXPZAP62ZYWP8
445,3M0NZ3JDP25CBZM9B11PJO3MDZGZ5N,AXY0D2AMLKE2A
446,3OE22WJIGJVKIMBXP6QK07JY7DSUQA,AY1MEF2BYRJS
447,33CID571050PSVI1IHMNWCU4LWC3LI,AY4A1A4BVOH65
448,3GNCZX450JUF31WKJOU401HUWJRAPB,AY4LR4O9XWY56
449,3O7L7BFSHFWQCSQSMY66NN69VLDEIJ,AY5OS6NZWVX22
450,36AHBNMV1SJ7AMRXULHP3TICKMDYD6,AY6H4QS7VRLMW
451,3M0NZ3JDP25CBZM9B11PJO3MD0DZ5M,AY8V73VAPWWIQ
452,3VP0C6EFSH38VWN41VL03SLDUQO6M8,AYKDN0E8YXVY
453,3Z7VU45IPZODNHLQAEZDGYQ51JE1ZA,AYXKSQMCPXEZF
454,33LKR6A5KFRH15CR4MAVUAPOHSQT1V,AYYBMS4XQJ9AP
455,323Q6SJS8JNIMBF4BR8R5TQU78NHFJ,AZ8JL3QNIPY4U
456,3TXWC2NHN0XYBA27JZKYZBBLCG0S93,AZFM2KWTDJ4XE
457,3VZLGYJEYMHLDI6JH7KKB7U66Y4ZXB,AZLD2FVICRC73
458,3LOZAJ85YEKV7737S0B6OWKZLPR2XS,AZV75QR2SK03O
